Location,Latitude,Longitude
 474 Choa Chu Kang,1.3857186,103.7445876
1 Bukit Batok St 25,1.3413063,103.7607784
1 Jurong Lake,1.3459408,103.7253972
1 TENGAH RD,1.3628775,103.7411879
1 Teck Whye Heights,1.3825069,103.7517129
1 Woodlands Road,1.3803602,103.7601304
10 Teck Whye Lane,1.3802102,103.755412
101 Upper Bukit Timah Road,1.3411701,103.7757713
11 Bukit Batok,1.3426976,103.7600079
11 Bukit Batok West Ave 2,1.362331,103.7425142
11 Teck Whye,1.3797394,103.754954
113 Bukit Batok,1.3594342,103.7418643
113 Plantation Cres,1.3533977,103.7351769
113 Teck Whye Lane,1.378023,103.750689
119 Plantation Cres,1.3568733,103.7348952
119 Teck Whye Lane,1.37919,103.7503855
125 Tengah Dr,1.3596688,103.7352974
125 Tengah Drive,1.3596688,103.7352974
127 Pending Rd,1.3765382,103.7693188
127 Plantation Cres - Singapore 692127,1.3577052,103.7341028
131 Cashew Rd,1.3713241,103.767128
131 Choa Chu Kang Ave 1 ,1.3814146,103.7510868
132 Hillview Ave,1.3569398,103.7600842
132 Toh Tuck Road,1.3393234,103.7640898
135 Bukit Batok West Ave 4,1.3634003,103.7471585
137 Teck Whye Lane,1.3799178,103.7527519
137 Teck Whye Lane ,1.3799178,103.7527519
138 Bukit Batok West ,1.3474841,103.742249
141 Teck Whye Lane,1.3803311,103.7527258
145 Bukit Batok West Ave 6,1.3492327,103.744724
145 Jelebu Road,1.378425,103.7646713
146 Bukit Batok West Ave 6,1.3496792,103.7441185
153 Bukit Batok St 11,1.3476975,103.7444517
155 Gangsa Rd,1.3753325,103.7649716
156 Jalan Teck Whye,1.3788305,103.7566145
158 Jln Teck Whye,1.3798463,103.7572286
16 Choa Chu Kang Drive,1.4040732,103.7495957
16 Teck Whye ,1.3785309,103.7550088
16 Teck Whye Ln,1.3785309,103.7550088
161 Jln Teck Whye ,1.3800988,103.7582013
165 Teck Whye Cres,1.3828963,103.7539308
17 Petir Rd,1.3783467,103.7625378
17 Teban Gardens,1.3148609,103.7431556
18 Fir Ave,1.3323942,103.791631
186 Teck Whye,1.3815935,103.7548706
189 Marsiling Grove,1.437059,103.7739556
19 Ghim Moh Road,1.3114329,103.7882794
2 Bukit Batok St 11,1.3494476,103.7420485
2 Bukit Batok West 7,1.36578,103.7485
2 Bukit Panjang Ring Road,1.3777013,103.7726293
2 Hong San Walk,1.377953,103.7472406
2 Jln Remaja,1.3580664,103.7607689
2 Jln Seh Chuan,1.3412479,103.7750006
2 Jurong Gateway,1.3367577,103.7448779
2 Teck Whye Cres,1.3822843,103.7506023
2 Teck Whye Cres ,1.3822843,103.7506023
20 Toh Guan Rd,1.3337875,103.7484241
203 Fajar Rd,1.3812301,103.7720831
205 Petir Road,1.3734374,103.7739656
206 Choa Chu Kang,1.3857186,103.7445876
207 Stagmont Rd,1.383535,103.752873
209 Bukit Batok St 21,1.3454616,103.7488125
21 Bukit Batok West Ave 2,1.3636052,103.7445026
21 Cassia Dr,1.3335842,103.8034269
21 Hillcrest Road,1.3359588,103.8079473
21 Senja Rd,1.3827886,103.7606608
210 Bukit Batok St 21,1.3456452,103.7495775
210 Bukit Batok St 51,1.356171,103.7491365
210 Choa Chu Kang Ctrl,1.3826317,103.7477251
211 Choa Chu Kang,1.3857186,103.7445876
213 Petir Road,1.374124,103.7755628
220 Choa Chu Kang Ctrl,1.3820127,103.7454832
220 Tengah Gardens - Singapore 691220,1.3554483,103.8569617
221 Choa Chu Kang Ctrl,1.3822077,103.74504
223 Bukit Batok East Ave 3,1.3479586,103.7535644
225 Tengah Gdn Ave,1.3582569,103.7317464
228 Tengah Drive,1.3613867,103.7339035
228 Tengah Drive ,1.3613867,103.7339035
230 Bukit Batok,1.3477982,103.7548284
230 Bukit Batok St 21,1.3475171,103.755852
230 Bukit Batok West Ave 8,1.3560599,103.7400506
232 Bukit Batok East Ave 5,1.349276,103.7550975
243 Bukit Batok East Ave 5,1.3497278,103.7564106
248 Jurong East St 24,1.3422055,103.7400982
250 Bangkit Road,1.3806561,103.7739395
250 Choa Chu Kang Ave 2,1.379253,103.7455097
253 Bangkit Road,1.3800302,103.7748617
255 Bangkit Road,1.3798194,103.7728669
259 Jurong West St 34,1.3456039,103.7087349
260 Bangkit Road,1.3781809,103.7733211
27 Penjuru,1.319175,103.7333208
270 Toh Guan Rd,1.3412269,103.7459926
271 Bangkit Road ,1.3771164,103.7740324
271 Bukit Batok East Ave 4,1.3483124,103.7586552
271 Greenwood Ave,1.3308663,103.8070732
274 Bangkit Rd,1.3771425,103.7748444
274 Bangkit Road,1.3771425,103.7748444
276 Bangkit Road,1.3764312,103.7757732
277 Toh Guan Rd,1.3413305,103.7468478
28 Choa Chu Kang ,1.3857186,103.7445876
283 Bukit Batok West ,1.3471304,103.757187
284 Choa Chu Kang Ave 3,1.3798836,103.7424264
287 Jurong West,1.341612,103.7049027
288 Choa Chu Kang ,1.3857186,103.7445876
290 Bukit Batok East Ave 3,1.3444066,103.7575545
290 Bukit Batok East Ave 3 ,1.3444066,103.7575545
291 Bukit Batok,1.3429141,103.7549054
291 Choa Chu Kang Ave 3,1.3786407,103.7397495
293 Choa Chu Kang Ave 3,1.3782183,103.7403519
296 Choa Chu Kang Ave 2,1.3773764,103.7407655
296 Choa Chu Kang Ave 2 ,1.3773764,103.7407655
30 Bukit Batok Rd,1.3711093,103.7505392
301 Tengah Drive,1.3585823,103.7377779
303 Clementi Ave 4 ,1.3213446,103.7648549
305 Jurong East,1.3204168,103.7347925
306 Choa Chu Kang Ave 4 ,1.3848018,103.7427465
31 Bukit Batok St 52,1.354951,103.7515577
31 choa chu kang way,1.3775306,103.7501793
312 Clementi Ave 4,1.3189991,103.7639588
319 Bukit Batok Street 52,1.3564288,103.7518229
319 Tengah,1.3620626,103.7386691
323 Tengah Drive,1.3630076,103.7346612
323 Tengah Road,1.3637713,103.7404362
325 Bukit Batok,1.3556584,103.7547317
33 Dairy Farm ,1.3684318,103.7720462
344 Bukit Batok ,1.3556584,103.7547317
358 Woodlands Ave 5,1.4337567,103.784
363 Bukit Batok,1.3556584,103.7547317
364 Bukit Batok,1.3556584,103.7547317
367 Bukit Batok St 31,1.3603308,103.7497186
369 Bukit Batok St 31,1.3601861,103.7513187
370 Bukit Batok,1.3556584,103.7547317
376 Clementi Ave 4 ,1.3180616,103.7667267
377 Bukit Batok,1.3594015,103.750147
383 Bukit Batok West Ave 5,1.3623139,103.7522269
384 Bukit Batok,1.3629564,103.7521929
388 Bukit Batok West Avenue 5,1.364848,103.7521671
4 Bukit Street 41,1.3563502,103.7406611
4 Choa Chu Kang Drive,1.3833625,103.7473996
4 Hillview Rise,1.3635523,103.764315
4 Teck Whye Ave,1.3819375,103.7527692
4 Teck Whye Lane,1.3807339,103.7535199
403 Choa Chu Kang,1.3857186,103.7445876
407 Fajar Rd ,1.3808366,103.7712358
411 Bukit Batok West Ave 8,1.3583048,103.7419226
412 Choa Chu Kang Ave 3,1.3816301,103.7421019
413 Bukit Batok West Ave 4 ,1.3637781,103.7467273
413 Choa Chu Kang Ave 3,1.3813705,103.7426889
413 Saujana Road,1.3823844,103.7690484
414 Bukit Batok West Ave 4,1.3635685,103.7459669
416 Bukit Batok West Ave 4,1.363239,103.745998
416 Choa Chu Kang ,1.3857186,103.7445876
424 Bukit Batok St 52,1.3549453,103.751777
433 Bukit Batok West Ave 8,1.3613346,103.7417993
435 Bukit Batok,1.3593415,103.7403713
437 Choa Chu Kang,1.3857186,103.7445876
438 Bukit Batok West Ave 8,1.3574875,103.7408012
440 Bukit Batok West Ave 8,1.3556137,103.7392351
441 Bukit Batok West Ave 8 ,1.3558106,103.7389287
445 Fajar Rd,1.3837919,103.770489
446 Choa Chu Kang ,1.3857186,103.7445876
448 Bukit Batok West ,1.3521937,103.7404834
45 Choa Chu Kang Loop,1.3862895,103.7423392
450 Bukit Batok,1.3521414,103.7440846
450 Bukit Batok Ave,1.3647903,103.7474092
462 Choa Chu Kang,1.3857186,103.7445876
463 Bukit Batok,1.3568121,103.7414866
464 Bukit Batok West Ave 8,1.3575182,103.7418455
465 Bukit Batok St 41,1.3567011,103.7410287
471 Choa Chu Kang Ave 3 ,1.3786656,103.7373905
484 Segar Rd,1.3884213,103.7719078
484 Segar Road,1.3884213,103.7719078
485 Senja Rd,1.3877905,103.7637237
487 Choa Chu Kang,1.3857186,103.7445876
488 Choa Chu Kang,1.3857186,103.7445876
50 Bukit Batok Ave 3,1.3520458,103.747842
50 Bukit Batok West,1.3578118,103.7495161
50 Bukit Batok West ,1.352117,103.7567405
50 Bukit Batok West Ave 3,1.3519951,103.7477631
50 Choa Chu Kang North 5,1.393506,103.7509953
50 Hazel Pk,1.3716638,103.7647043
50 Woodlands Road,1.3828406,103.7602518
503 Bukit Batok St 52,1.3515693,103.7534488
503 Bukit Batok St West,1.3583621,103.7503809
505 Jelapang Rd,1.3855621,103.7638202
506 Bukit Batok Street 52,1.3522453,103.7546864
510 Bukit Batok,1.3556584,103.7547317
510 Old Choa Chu Kang Rd,1.378017,103.7176284
519 Keat Hong,1.3754921,103.7464597
52 Chun Tin Road,1.3418972,103.7733926
52 Hume Ave,1.3591156,103.7657481
528 Choa Chu Kang St 51,1.3923467,103.7417006
53 Choa Chu Kang Rd,1.3781111,103.757438
530 Bukit Batok,1.3398959,103.7561619
537 Choa Chu Kang,1.3857186,103.7445876
537 Choa Chu Kang St 51,1.3921366,103.7441027
541 Choa Chu Kang ,1.3857186,103.7445876
542 Choa Chu Kang,1.3857186,103.7445876
546 Segar Vale ,1.3885614,103.7695142
548 Choa Chu Kang Street 52,1.3935314,103.7418913
55 Choa Chu Kang Loop,1.3873535,103.743769
551 Choa Chu Kang ,1.3857186,103.7445876
56 Bukit Batok East,1.3491365,103.7575371
56 Toh Tuck Rd,1.3417745,103.7686659
6 Teck Whye Ave,1.3816577,103.7535609
603 Choa Chu Kang St 62,1.3978581,103.7445219
619 Choa Chu Kang North 7,1.4002446,103.7475795
627 Senja Rd,1.3855396,103.759515
634 Bukit Batok Ctrl,1.3497842,103.7515943
634 Senja Road,1.3862993,103.7575884
635 Senja Road,1.3869322,103.757484
637 Choa Chu Kang Ave 6,1.3741442,103.7417023
638 Jurong West St 61,1.3416945,103.6971571
638 Senja Close,1.3889281,103.7608284
643 Senja Cl,1.3879058,103.7630441
646 Senja,1.3896253,103.7638051
646 Senja Road,1.3877905,103.7637237
669 Choa Chu Kang,1.3857186,103.7445876
670 Choa Chu Kang,1.3857186,103.7445876
673 Choa Chu Kang,1.3857186,103.7445876
679 Choa Chu Kang Crescent,1.402625,103.744709
682 Choa Chu Kang,1.3857186,103.7445876
684 Choa Chu Kang Crescent,1.4041475,103.7464127
685 Choa Chu Kang,1.3857186,103.7445876
686 Choa Chu Kang Cres,1.4042268,103.7489437
687 Choa Chu Kang ,1.3857186,103.7445876
7 Choa Chu Kang Ave 4,1.3821271,103.7382834
7 Lily Ave,1.3305544,103.7933781
70 Choa Chu Kang Loop,1.3857403,103.7449136
70 Phoenix Rd,1.3765188,103.7565327
764 Woodlands Circle,1.445238,103.7967826
769 Choa Chu Kang St 54,1.394341,103.7506636
784 Choa Chu Kang,1.3857186,103.7445876
801 Keat Hong Close ,1.3753282,103.7434161
802 Bukit Batok West Ave 5 ,1.3589914,103.7520784
810 Choa Chu Kang,1.3857186,103.7445876
810 Choa Chu Kang Ave 7,1.3739577,103.7462426
812 Choa Chu Kang ,1.3857186,103.7445876
812 Choa Chu Kang Crescent,1.3997288,103.7506868
815 Choa Chu Kang Ave 4,1.3774514,103.7370501
815 Choa Chu Kang Ave 7,1.376581,103.7467202
817 Keat Hong,1.3771548,103.7494111
82 Jln Dermawan ,1.3603272,103.7593175
820 Keat Hong Link,1.3748863,103.750319
820 Keat Hong Singapore 681820,1.3748863,103.750319
87 Cashew Road ,1.3729659,103.7678297
886 Upper Bukit Timah Road,1.3755968,103.76246
9 Choa Chu Kang Ave 4,1.3824235,103.7391444
9 Choa Chu Kang Ave 4 ,1.3824235,103.7391444
9 Jurong West St 52,1.3502613,103.7173125
91 Choa Chu Kang Road,1.378695,103.7588446
91 Hillview ,1.36711,103.7640493
91 Hillview Lk,1.36711,103.7640493
966 Dunearn Rd,1.3377858,103.7799552
BKE ,1.3600446,103.7810295
BUKIT BATOK ST 23,1.3394843,103.7581434
Bukit Batok East Ave 4,1.3482521,103.7570406
Bukit Batok Interchange,1.3503115,103.751587
Bukit Batok West Ave 6,1.3460913,103.7468468
Hillview Way,1.3539092,103.7597199
JURONG EAST AVE 1,1.346826,103.7316781
KING ALBERT PARK STN,1.3359688,103.782674
KJE,1.3644647,103.7066047
MWS Nursing Home,1.3956042,103.7520501
PIE,1.3427201,103.6863908
Penjuru Road,1.3246391,103.7373361
